,RegionID,SizeRank,RegionName,RegionType,StateName,31-01-2018,28-02-2018,31-03-2018,30-04-2018,31-05-2018,30-06-2018,31-07-2018,31-08-2018,30-09-2018,31-10-2018,30-11-2018,31-12-2018,31-01-2019,28-02-2019,31-03-2019,30-04-2019,31-05-2019,30-06-2019,31-07-2019,31-08-2019,30-09-2019,31-10-2019,30-11-2019,31-12-2019,31-01-2020,29-02-2020,31-03-2020,30-04-2020,31-05-2020,30-06-2020,31-07-2020,31-08-2020,30-09-2020,31-10-2020,30-11-2020,31-12-2020,31-01-2021,28-02-2021,31-03-2021,30-04-2021,31-05-2021,30-06-2021,31-07-2021,31-08-2021,30-09-2021,31-10-2021,30-11-2021,31-12-2021
0,102001,0,United States,Country,322333.0,271617.0,272983.0,279333.0,288667.0,295633.0,299267.0,299900.0,299600.0,299267,298633,297267,294267,291567,292933,297967,306497,314463,320963,322433,319800,315600,312267,307267,303267,299800,301467,306500,313000,320650,328450,335450,340463,342630.0,344130.0,342800.0,338500.0,333633.0,333963.0,340597.0,353963.0,367283.0,378283.0,381583.0,379933.0,376633.0,375000.0,374967.0,372967.0
1,394913,1,"New York, NY",Msa,NY,517967.0,523000.0,534333.0,544667.0,554667.0,560000.0,560000.0,554833.0,549833,549833,550000,549667,549333,549333,554667,563333,573300,578267,578267,574633,573000,574333,577667,579000,577667,579333,586000,594000,599000,602000,612300,628967,642892.0,649592.0,652926.0,657000.0,663633.0,668967.0,673567.0,675933.0,675933.0,669000.0,659667.0,646333.0,639667.0,636333.0,638000.0,642667.0
2,753899,2,"Los Angeles-Long Beach-Anaheim, CA",Msa,CA,798667.0,802667.0,818000.0,835000.0,848300.0,849633.0,841300.0,824296.0,802296,785629,772667,761633,752967,749633,761300,778266,804600,824300,840333,847000,845667,845967,845967,848967,849333,865963,882963,887129,882500,892167,924333,955633,967600.0,972933.0,978300.0,989667.0,997600.0,999200.0,1007867.0,1008267.0,1008333.0,999666.0,992990.0,975657.0,952623.0,940967.0,936633.0,941667.0
3,394463,3,"Chicago, IL",Msa,IL,301497.0,305967.0,319467.0,336133.0,346133.0,348600.0,344933.0,338267.0,330967,324933,318300,309933,303267,306600,319633,336000,345833,348167,345067,338533,331533,324933,319633,311300,306333,309967,320800,328800,332167,336500,343467,348467,349967.0,349667.0,346000.0,339663.0,331663.0,331997.0,338300.0,346633.0,352967.0,354667.0,354633.0,348267.0,339933.0,332967.0,327300.0,322267.0
4,394514,4,"Dallas-Fort Worth, TX",Msa,TX,341666.0,345000.0,351648.0,359745.0,366079.0,365931.0,359467.0,351100.0,344567,341233,339600,337967,335333,335633,340600,348267,354933,356300,354600,349600,344933,341633,339997,338330,335293,334512,336178,339182,343133,348133,354800,358267,359933.0,359267.0,356787.0,353454.0,350820.0,351813.0,356146.0,364480.0,374333.0,383333.0,390000.0,393333.0,395967.0,396630.0,398297.0,401330.0
5,394974,5,"Philadelphia, PA",Msa,PA,252630.0,249633.0,253833.0,260800.0,270133.0,275967.0,279300.0,278267.0,276039,274073,271101,265828,257828,254133,257967,267633,279000,287633,292967,293300,293333,293967,293967,290633,286333,286300,289633,294633,301333,311333,323333,333000,336300.0,337933.0,334933.0,331600.0,324933.0,321597.0,321630.0,326630.0,331633.0,336300.0,333000.0,329633.0,324963.0,324963.0,321663.0,313333.0
6,394692,6,"Houston, TX",Msa,TX,316462.0,318775.0,322112.0,326851.0,330434.0,331746.0,328635.0,323749.0,317555,314167,310910,309281,307816,309119,312376,317262,321138,322441,320780,317147,312910,310011,307809,305715,303435,302949,305695,308203,312601,317161,323122,327975,332413.0,336122.0,338109.0,336862.0,334700.0,333963.0,338942.0,346605.0,356635.0,365293.0,371552.0,372888.0,371255.0,370859.0,371192.0,371189.0
7,395209,7,"Washington, DC",Msa,DC,431330.0,431000.0,441367.0,452667.0,464667.0,474667.0,479667.0,476333.0,466665,461632,456598,449900,443233,443267,454967,471667,488167,496167,495900,489367,484700,483467,485167,483467,481633,486600,501600,513233,522933,531300,544408,551375,548625.0,540547.0,530580.0,522997.0,516000.0,513997.0,512630.0,518630.0,523933.0,528967.0,527467.0,522500.0,519166.0,518330.0,518330.0,514997.0
8,394856,8,"Miami-Fort Lauderdale, FL",Msa,FL,389841.0,389841.0,391157.0,392637.0,394249.0,394578.0,394709.0,394413.0,394085,393789,393131,391815,390499,389841,391157,392473,394117,394446,397736,399381,399381,396421,396421,398065,398065,396536,397523,397194,396749,393789,394118,397078,400039.0,403296.0,402309.0,401322.0,399807.0,399870.0,401800.0,410133.0,425167.0,441667.0,456633.0,466633.0,474933.0,481633.0,488300.0,495000.0
9,394347,9,"Atlanta, GA",Msa,GA,309981.0,314933.0,323600.0,335300.0,344667.0,349633.0,344933.0,337933.0,329633,324833,320742,317375,313842,313267,316966,326666,338000,344333,344617,339917,334883,330300,327000,325000,323596,323596,325630,327167,330500,336735,344568,351235,354667.0,356333.0,354667.0,351633.0,349933.0,351567.0,358663.0,375030.0,390063.0,402283.0,405616.0,405616.0,403000.0,399967.0,399933.0,399767.0
10,394404,10,"Boston, MA",Msa,MA,541333.0,544667.0,565333.0,585000.0,598500.0,596133.0,579767.0,556600.0,539633,536000,535967,531300,528267,533300,549967,571666,589666,596333,594633,586633,579933,574967,574967,574453,574453,582453,597667,605967,614600,624600,641300,649633,649933.0,656600.0,662967.0,666000.0,665967.0,672933.0,684933.0,694300.0,697633.0,698967.0,692933.0,677933.0,668233.0,667933.0,674600.0,681267.0
11,395057,11,"San Francisco, CA",Msa,CA,807333.0,824000.0,857667.0,899667.0,924667.0,937933.0,921267.0,880600.0,850667,842333,838000,820000,799600,802933,830933,867333,900667,907629,904629,885963,885667,889000,895667,879000,862633,874633,899967,916333,924667,949000,982333,998333,998667.0,998901.0,999197.0,995864.0,991963.0,988667.0,988667.0,992000.0,994000.0,996000.0,980000.0,959858.0,936525.0,926525.0,914667.0,901883.0
12,394532,12,"Detroit, MI",Msa,MI,219933.0,218263.0,224630.0,237997.0,253000.0,263000.0,264633.0,259600.0,251600,244633,237967,231267,226567,226567,233265,246598,259932,269900,271267,267633,258667,248967,239300,231633,225667,223967,228100,234067,245600,261100,277767,286233,283233.0,278100.0,271467.0,264838.0,259971.0,261604.0,270687.0,283720.0,293720.0,298967.0,294300.0,284333.0,268333.0,255000.0,241633.0,229967.0
13,395025,13,"Riverside, CA",Msa,CA,390296.0,392963.0,396296.0,402667.0,406633.0,409967.0,409933.0,406633.0,403300,399966,399633,398633,398333,398663,402996,408329,415000,419967,423300,423300,420000,416667,415000,414833,414860,418193,423027,426333,428000,434667,446333,461333,471667.0,480000.0,485000.0,490000.0,491667.0,493333.0,494983.0,506650.0,520283.0,533633.0,541633.0,546300.0,549600.0,549933.0,549967.0,550000.0
14,394976,14,"Phoenix, AZ",Msa,AZ,339143.0,344921.0,353111.0,358515.0,361574.0,360180.0,356816.0,351716.0,348317,346278,345940,345940,347945,350664,354097,358549,362933,366332,366977,368027,369727,371460,373839,377204,383321,390088,396639,392187,387123,385983,396179,404675,407794.0,407826.0,407656.0,407656.0,408382.0,409276.0,415000.0,424967.0,438300.0,449967.0,459997.0,466995.0,471992.0,475295.0,479930.0,483267.0
15,395078,15,"Seattle, WA",Msa,WA,508316.0,528316.0,559983.0,584967.0,598300.0,599633.0,592817.0,581167.0,568150,564650,561983,561983,563983,578300,601633,626633,642483,644167,635833,624167,617165,615492,617658,621323,631313,647980,663617,663300,660283,659650,668300,669983,663317.0,651667.0,640000.0,636500.0,639833.0,654500.0,667983.0,684633.0,694967.0,701650.0,701650.0,694983.0,693317.0,690850.0,689183.0,682515.0
16,394865,16,"Minneapolis-St Paul, MN",Msa,MN,354454.0,371733.0,387316.0,392961.0,391229.0,383356.0,374699.0,367461.0,359787,355978,351095,351060,356566,368721,384304,392961,394692,387801,382506,373849,368620,361826,361445,361480,368409,379144,389512,392974,392974,392960,394657,392926,386035.0,377413.0,368790.0,368755.0,370825.0,378965.0,387002.0,391968.0,392290.0,387960.0,384627.0,379267.0,374233.0,369267.0,367550.0,369250.0
17,395056,17,"San Diego, CA",Msa,CA,704633.0,721300.0,735967.0,749333.0,749633.0,749633.0,742633.0,725967.0,706267,689933,681633,676667,676333,681329,692996,713296,732967,745967,747333,747333,747333,745667,742666,742666,746000,755967,769967,770300,770000,781333,814666,838300,836633.0,825672.0,812333.0,810666.0,813294.0,830000.0,841667.0,856333.0,856333.0,856000.0,849333.0,847667.0,846000.0,846000.0,847667.0,849667.0
18,395121,18,"St. Louis, MO",Msa,MO,197147.0,197595.0,203070.0,211713.0,220322.0,225488.0,226994.0,226684.0,226375,224868,221769,216913,213125,214813,223422,235474,245805,251005,251955,250234,248477,246115,242671,237540,235853,239297,245495,250936,257476,263640,268495,267982,266260.0,263867.0,260974.0,255499.0,251533.0,252120.0,257807.0,265000.0,265000.0,261667.0,254567.0,248200.0,241700.0,235133.0,230167.0,226967.0
19,395148,19,"Tampa, FL",Msa,FL,264551.0,264551.0,266218.0,269518.0,274451.0,277718.0,277686.0,274713.0,271445,268211,266250,263963,263310,263310,266577,272131,280123,285351,286952,285527,284188,283890,282257,280329,277715,277683,278826,278503,280136,283894,290428,296992,301356.0,305836.0,305451.0,303040.0,300541.0,299644.0,304997.0,314997.0,331630.0,346467.0,359767.0,368133.0,373300.0,378333.0,385000.0,393000.0
20,394358,20,"Baltimore, MD",Msa,MD,303233.0,299900.0,304933.0,313300.0,326633.0,337967.0,345967.0,345967.0,341467,335130,328497,319997,313333,311667,316667,327699,339366,347699,350000,349967,346600,341600,334633,327967,322933,323233,329933,339443,347810,356143,363300,364967,361633.0,355000.0,348300.0,341300.0,334300.0,334333.0,339666.0,348300.0,356933.0,360267.0,361933.0,356630.0,352963.0,342997.0,334633.0,323300.0
21,394530,21,"Denver, CO",Msa,CO,322333.0,322333.0,322333.0,322333.0,322333.0,322333.0,322333.0,322333.0,494667,487667,481000,477833,482333,493967,509133,519967,524967,523453,518453,510120,502967,497967,497967,501300,512376,529043,542709,545633,542333,542815,549148,552482,546938.0,534938.0,524938.0,525000.0,531667.0,543610.0,556910.0,575077.0,591467.0,605167.0,613333.0,616833.0,618167.0,620167.0,624967.0,634633.0
22,394982,22,"Pittsburgh, PA",Msa,PA,171567.0,169900.0,173233.0,177267.0,183133.0,184833.0,184133.0,181600.0,179900,178267,175933,172633,170933,170933,175267,181933,189300,194800,198133,199467,198867,195533,190867,184967,183300,185800,192433,197433,204900,214900,227600,233967,234000.0,232967.0,231600.0,229933.0,228267.0,229967.0,234698.0,241381.0,246348.0,246583.0,238900.0,228933.0,222267.0,218300.0,213300.0,206633.0
23,394998,23,"Portland, OR",Msa,OR,459002.0,465399.0,471797.0,478163.0,479762.0,479762.0,476563.0,470134.0,462137,455739,452540,450941,452540,455739,462137,466967,470198,470230,468598,465384,460585,456939,453756,453756,456315,464312,470710,470214,470214,471813,482924,487483,492249.0,494125.0,502359.0,511955.0,520440.0,525772.0,534767.0,551433.0,573300.0,588333.0,592900.0,586233.0,579567.0,572667.0,570667.0,570317.0
24,394458,24,"Charlotte, NC",Msa,NC,338133.0,338167.0,343000.0,349666.0,356266.0,358600.0,355583.0,349028.0,342028,335378,330983,327283,325617,328300,335000,343333,351633,356300,356300,352333,346967,344300,341633,342166,342903,346237,351070,352967,357592,362925,374125,379540,381540.0,378707.0,377000.0,375000.0,374967.0,376633.0,383207.0,394907.0,407907.0,414967.0,414967.0,408853.0,406053.0,408213.0,411323.0,408837.0
25,395045,25,"Sacramento, CA",Msa,CA,462983.0,468667.0,477000.0,485967.0,491967.0,492300.0,487000.0,480333.0,472967,466300,459633,456333,458333,466333,481000,492665,504665,513332,521633,522967,517963,509663,503326,504996,511330,521000,527667,528000,528000,529543,539270,547936,559723.0,568330.0,579663.0,586333.0,594333.0,596333.0,593000.0,601667.0,611667.0,625000.0,625000.0,619967.0,614967.0,613300.0,616333.0,624667.0
26,395055,26,"San Antonio, TX",Msa,TX,279966.0,280000.0,283000.0,288500.0,294833.0,298167.0,297667.0,293500.0,288467,283467,281444,280811,280811,280633,281633,284967,290000,293167,293133,289800,286600,283297,281297,278996,278633,278966,282633,286167,290167,293800,297300,299933,299633.0,297967.0,294633.0,290933.0,288567.0,289267.0,293067.0,298765.0,303762.0,312328.0,327163.0,341163.0,347830.0,346080.0,342917.0,343355.0
27,394943,27,"Orlando, FL",Msa,FL,299900.0,302933.0,309300.0,317667.0,323000.0,325000.0,324967.0,323267.0,319933,314933,308300,303267,299933,299933,303467,310167,318500,323333,325000,325000,325627,325627,325627,325000,324967,326600,328410,325440,322140,320533,325203,328537,330867.0,332501.0,332501.0,331630.0,328330.0,326663.0,328333.0,335000.0,343333.0,354967.0,366153.0,377487.0,383853.0,390667.0,394333.0,397667.0
28,394466,28,"Cincinnati, OH",Msa,OH,218300.0,219967.0,231600.0,248267.0,261600.0,267633.0,265967.0,259300.0,251633,244967,241333,236300,232967,236633,249967,266300,279467,285833,287833,284333,278567,271900,265567,261333,261300,269633,283267,296300,309633,322967,333300,334633,327688.0,319354.0,309688.0,305833.0,305800.0,314100.0,323930.0,337297.0,350130.0,354433.0,349067.0,336233.0,324600.0,316633.0,310300.0,306967.0
29,394475,29,"Cleveland, OH",Msa,OH,161567.0,161567.0,164900.0,171267.0,176267.0,181300.0,183300.0,183300.0,181600,179900,178267,176600,174933,176567,179932,185402,191936,196904,199467,196267,192933,188267,184933,181600,179900,180233,185267,191633,201300,209600,218267,221133,214467.0,206100.0,196567.0,191600.0,188300.0,194958.0,208592.0,225225.0,233600.0,233300.0,226333.0,214667.0,206000.0,196300.0,192933.0,187100.0
30,394735,30,"Kansas City, MO",Msa,MO,254933.0,259967.0,269633.0,274633.0,277518.0,276185.0,275352.0,272467.0,272800,280300,286967,293300,296600,306633,319950,331317,337950,336297,329962,319962,312965,307967,304667,301667,306333,316333,332667,342667,352667,359633,364933,361600,353300.0,343983.0,338983.0,335633.0,336617.0,346950.0,361950.0,377950.0,383683.0,380033.0,367400.0,353000.0,345000.0,344967.0,348300.0,356600.0
31,394775,31,"Las Vegas, NV",Msa,NV,290435.0,292135.0,295135.0,306300.0,324500.0,341500.0,349500.0,347967.0,341300,333297,324963,321597,318233,314933,312300,312833,316167,320498,323332,324332,322633,320933,319933,319967,321558,325892,334225,335667,333300,329933,334900,341267,344633.0,346333.0,346963.0,346963.0,345629.0,345000.0,353333.0,371296.0,396296.0,416296.0,426667.0,435000.0,444322.0,456988.0,466988.0,477667.0
32,394492,32,"Columbus, OH",Msa,OH,254267.0,268633.0,285300.0,302630.0,311630.0,316997.0,315300.0,306967.0,294933,283267,274867,268233,264900,269967,286800,306800,320133,325933,325967,320633,309666,295966,286266,280600,282600,292267,306233,316233,326567,336567,344933,341600,329967.0,321300.0,317967.0,318967.0,317633.0,320967.0,329116.0,339738.0,343102.0,338919.0,332963.0,327767.0,319467.0,312463.0,312463.0,319963.0
33,394705,33,"Indianapolis, IN",Msa,IN,210500.0,215331.0,227298.0,251631.0,272508.0,284175.0,279175.0,269633.0,259633,249600,239900,232933,229633,234667,248300,266633,281600,286600,284900,279896,274929,269929,264633,257967,256330,261163,272830,282800,291600,302233,310600,315600,309630.0,299597.0,286963.0,278600.0,275267.0,277900.0,284233.0,292263.0,295637.0,296568.0,293538.0,293532.0,293300.0,293333.0,293333.0,294998.0
34,395059,34,"San Jose, CA",Msa,CA,1071296.0,1104629.0,1154629.0,1208333.0,1245000.0,1261333.0,1244333.0,1199328.0,1149662,1116262,1082896,1048896,1015592,1031963,1065963,1113000,1139333,1156000,1143448,1117377,1100710,1099595,1096333,1071626,1071293,1106622,1164662,1191662,1192667,1209333,1239000,1256000,1255983.0,1248550.0,1248550.0,1231567.0,1216296.0,1216296.0,1233629.0,1250333.0,1266967.0,1283298.0,1295965.0,1279332.0,1263000.0,1250324.0,1233287.0,1199620.0
35,394355,35,"Austin, TX",Msa,TX,373635.0,375550.0,380031.0,384897.0,386367.0,386399.0,383178.0,376891.0,370443,365607,362367,357853,354948,356577,363798,373161,379606,377221,368818,359472,353020,349484,347517,344296,344619,348810,359681,367500,375914,385999,397848,407842,414344.0,419760.0,424019.0,424887.0,425694.0,432801.0,448297.0,471663.0,488330.0,501667.0,511667.0,518333.0,524015.0,526015.0,529715.0,532367.0
36,395194,36,"Virginia Beach, VA",Msa,VA,257776.0,257454.0,260322.0,264783.0,270222.0,273779.0,276109.0,276141.0,275836,273550,271909,270139,270976,273904,278893,284494,288002,289579,289579,289579,289289,289000,289000,289289,289579,289608,292803,296858,303266,308472,314073,317291,316937.0,315939.0,312423.0,307817.0,302467.0,299767.0,301467.0,306300.0,309663.0,309663.0,304997.0,301633.0,299967.0,299966.0,299999.0,299999.0
37,394902,37,"Nashville, TN",Msa,TN,373229.0,374563.0,376896.0,379600.0,379633.0,377966.0,374300.0,367933.0,362967,359747,358080,356380,354933,354933,356600,359930,364630,367963,367592,364558,361225,359600,357870,355900,352900,352997,354967,358297,363130,368163,374800,378267,381567.0,382233.0,381933.0,380267.0,381567.0,390233.0,400597.0,413663.0,425768.0,440072.0,451734.0,454629.0,453329.0,456333.0,462967.0,468800.0
38,395005,38,"Providence, RI",Msa,RI,345871.0,347654.0,353073.0,359925.0,365170.0,366883.0,367058.0,367058.0,367058,365274,361429,356220,354471,357968,366358,376532,383839,387650,387964,387964,387650,385937,382440,375763,370519,373700,384189,394642,401949,408941,419429,424709,421247.0,410759.0,400271.0,396425.0,396607.0,407136.0,407967.0,411633.0,411333.0,424667.0,436300.0,441600.0,438233.0,436267.0,432300.0,430667.0
39,394862,39,"Milwaukee, WI",Msa,WI,216267.0,217933.0,226267.0,238200.0,249567.0,256233.0,257967.0,254933.0,248300,242967,236300,232633,231267,234300,237933,237967,237467,237500,239133,239933,236567,231600,226467,221500,219800,221600,231567,241567,251567,256600,259967,256633,249967.0,242633.0,236000.0,230967.0,224933.0,221600.0,223133.0,228133.0,236300.0,236433.0,229800.0,218300.0,211667.0,207633.0,204267.0,200600.0
40,394714,40,"Jacksonville, FL",Msa,FL,300967.0,304933.0,309967.0,314633.0,316580.0,316547.0,313214.0,307966.0,302666,298000,296167,296000,296000,297500,299667,304667,311667,314167,311078,304408,299908,299630,299300,298630,298647,301977,306313,307327,309330,312330,317967,319300,317967.0,314997.0,310297.0,308427.0,308427.0,312427.0,318293.0,327960.0,338993.0,346663.0,350000.0,351663.0,355327.0,360327.0,363663.0,366333.0
41,394849,41,"Memphis, TN",Msa,TN,187115.0,182356.0,181084.0,183976.0,187163.0,194472.0,199557.0,205215.0,207121,208679,208933,206073,202926,200829,203689,208456,215798,220883,224061,224029,223650,223618,223650,224029,222472,222440,225618,230386,236043,241446,247802,251679,247865.0,243413.0,241824.0,241792.0,241923.0,237656.0,238400.0,241800.0,249800.0,252967.0,254633.0,254933.0,258167.0,261533.0,263200.0,259967.0
42,394935,42,"Oklahoma City, OK",Msa,OK,235612.0,237633.0,242425.0,247597.0,252083.0,252772.0,252772.0,250025.0,248302,246555,246562,246538,248927,253688,262251,270779,277318,278722,276402,271884,268767,267054,267123,267123,268836,272774,278118,281543,286167,293188,298973,300343,296575.0,294044.0,291647.0,289879.0,288804.0,292183.0,299668.0,311600.0,315966.0,312633.0,304166.0,298166.0,294800.0,289580.0,289547.0,292913.0
43,394807,43,"Louisville-Jefferson County, KY",Msa,KY,232167.0,240467.0,254100.0,266567.0,274600.0,276633.0,274833.0,271500.0,267833,265967,262100,257100,254100,257267,266767,278400,287433,291233,289633,284633,277967,269600,259933,251967,248500,253133,264467,277933,289933,296567,299600,296900,288567.0,277900.0,263967.0,255667.0,252967.0,259600.0,269567.0,276930.0,283597.0,286627.0,285930.0,280963.0,272967.0,268333.0,263300.0,261600.0
44,394669,44,"Hartford, CT",Msa,CT,275299.0,279436.0,287951.0,293661.0,297388.0,297422.0,297422.0,297114.0,295405,293695,290584,288840,287130,289182,292635,299474,304261,310382,310382,310075,306347,302962,299850,297115,296089,296123,302244,310075,320333,328198,338456,345261,345261.0,341841.0,336746.0,333361.0,330520.0,332689.0,339900.0,349100.0,352433.0,347467.0,338300.0,330000.0,326667.0,324933.0,324933.0,329900.0
45,395022,45,"Richmond, VA",Msa,VA,298653.0,299653.0,307464.0,319191.0,326967.0,330329.0,330640.0,328398.0,323571,316709,312053,310295,310260,312002,320657,332743,344778,349605,350309,345171,338619,331036,327553,327441,329855,334918,341892,351203,360830,370864,378071,382364,380985.0,380096.0,380526.0,383980.0,387300.0,390967.0,394633.0,394650.0,392647.0,384980.0,378297.0,371933.0,369917.0,369897.0,371597.0,379293.0
46,394910,46,"New Orleans, LA",Msa,LA,245925.0,242592.0,243300.0,249633.0,257133.0,262167.0,263833.0,262967.0,260300,257267,253967,251633,249975,251642,256308,262967,269600,272400,272400,270433,269133,268167,267133,265267,262900,261900,264233,269267,276283,282633,288467,293483,296833.0,299000.0,299000.0,299000.0,297667.0,296187.0,296487.0,304487.0,314633.0,323833.0,325833.0,323833.0,321000.0,321000.0,324333.0,326333.0
47,394425,47,"Buffalo, NY",Msa,NY,184581.0,186374.0,193546.0,202512.0,209684.0,213270.0,215063.0,213844.0,212087,208501,204341,198926,195375,196485,200107,207244,215099,222092,225714,222128,218363,214382,210796,207532,204305,204305,207891,215063,225858,236832,244004,243968,240167.0,233028.0,225892.0,218755.0,215447.0,222890.0,234467.0,249100.0,255267.0,255267.0,248600.0,239900.0,233233.0,228267.0,224967.0,221633.0
48,395012,48,"Raleigh, NC",Msa,NC,357933.0,359633.0,366633.0,376632.0,383265.0,383265.0,381267.0,377633.0,374000,367333,362000,357333,355333,356000,362667,373333,383300,386633,383600,378600,375233,373233,368900,363900,360567,363233,369600,373359,378838,384172,393746,398647,402280.0,400947.0,397267.0,393633.0,393333.0,396833.0,402467.0,410487.0,416987.0,420966.0,423246.0,426579.0,428967.0,430300.0,431085.0,430748.0
49,394388,49,"Birmingham, AL",Msa,AL,206683.0,207217.0,215217.0,226800.0,236267.0,239600.0,239900.0,239900.0,238267,234633,231000,229300,229600,233233,239900,249900,258567,265233,270273,271640,272362,272123,272090,269735,266600,265800,267433,269100,273233,278100,282133,282000,277167.0,274133.0,272250.0,274533.0,275583.0,277600.0,278617.0,283267.0,286633.0,288333.0,284967.0,283300.0,283021.0,289021.0,292354.0,292633.0
50,395053,50,"Salt Lake City, UT",Msa,UT,417953.0,423208.0,431339.0,437395.0,444646.0,448700.0,450147.0,446698.0,441374,433870,429851,427707,428029,431924,439392,451898,462617,469621,467834,462510,457293,455507,456386,459995,466998,478610,487539,485896,482302,484815,495571,500966,500207.0,498385.0,503744.0,516250.0,322333.0,322333.0,322333.0,322333.0,322333.0,322333.0,322333.0,322333.0,322333.0,322333.0,322333.0,322333.0
51,395031,51,"Rochester, NY",Msa,NY,185799.0,193017.0,203339.0,215574.0,224633.0,228748.0,225175.0,217956.0,210738,205685,201318,201318,206696,218281,230949,244050,251088,253795,251522,246252,238096,227268,219725,212543,213373,222721,239066,256282,265305,270578,271332,271007,263464.0,255167.0,248273.0,254674.0,261988.0,274013.0,278263.0,278267.0,269600.0,259600.0,252800.0,244767.0,234767.0,223267.0,216633.0,210000.0
52,394640,52,"Grand Rapids, MI",Msa,MI,261633.0,269967.0,281667.0,291667.0,298300.0,299967.0,298300.0,293500.0,288467,285433,286900,288567,289900,292933,299267,307633,312933,313267,310933,305933,302300,296267,292933,289900,292933,297760,306093,313060,318233,319900,321267,321300,321300.0,317967.0,317933.0,319633.0,324967.0,333300.0,340933.0,347567.0,352792.0,358492.0,363492.0,362967.0,359633.0,354633.0,353267.0,358233.0
53,395167,53,"Tucson, AZ",Msa,AZ,261079.0,264446.0,269479.0,274997.0,279997.0,281330.0,281300.0,280967.0,282967,282967,281300,279467,279500,282333,288167,294767,298900,298233,296150,293350,293317,293467,294187,292520,292853,294933,298300,298967,300633,308966,319933,329967,328300.0,323333.0,319907.0,321573.0,326780.0,335173.0,348507.0,364963.0,376663.0,384963.0,384967.0,381633.0,375000.0,370000.0,367610.0,367277.0
54,753924,54,"Urban Honolulu, HI",Msa,HI,663333.0,661667.0,655000.0,648333.0,651333.0,659000.0,664180.0,669513.0,671847,670000,665000,662667,669000,671667,672333,668667,668967,668967,668967,667300,660633,654600,649633,647967,643000,636667,630000,621667,611333,604000,605667,606000,600000.0,591333.0,591000.0,599167.0,322333.0,322333.0,322333.0,322333.0,322333.0,322333.0,322333.0,322333.0,322333.0,322333.0,322333.0,322333.0
55,395169,55,"Tulsa, OK",Msa,OK,193849.0,194631.0,199012.0,204644.0,208086.0,208399.0,207148.0,206522.0,206491,206459,206459,206459,207101,209917,215894,223106,229677,232806,234340,233557,234261,235826,238173,239346,237782,237782,240911,247200,255023,264410,272515,277208,277209.0,277951.0,278309.0,277997.0,277054.0,277231.0,291867.0,304643.0,315133.0,305167.0,295167.0,286833.0,286176.0,286673.0,284840.0,282130.0
56,394619,56,"Fresno, CA",Msa,CA,334730.0,331727.0,331693.0,335110.0,339978.0,342429.0,342463.0,340737.0,338286,335725,333654,330236,325893,324477,326203,334800,345191,355548,363332,364713,364368,359725,355061,351937,351246,354495,359369,362097,367309,372861,382907,389121,391586.0,390205.0,390895.0,390105.0,390612.0,387760.0,390467.0,400500.0,416667.0,426167.0,426167.0,421333.0,419667.0,422667.0,429333.0,439000.0
57,395238,57,"Worcester, MA",Msa,MA,278575.0,281731.0,287812.0,297336.0,306920.0,313575.0,315518.0,314849.0,313257,309723,306889,302144,300266,302176,311697,324720,335833,343793,344430,341246,336183,333317,331725,329178,328222,329815,340609,351753,363885,371877,378277,381780,381461.0,382429.0,385348.0,390266.0,322333.0,322333.0,322333.0,322333.0,322333.0,322333.0,322333.0,322333.0,322333.0,322333.0,322333.0,322333.0
58,394415,58,"Stamford, CT",Msa,CT,684214.0,720169.0,763208.0,786704.0,793467.0,791011.0,778551.0,761108.0,746868,746512,743273,740033,736828,740387,752883,766768,773924,764668,747046,722127,704683,699522,704861,708421,711803,722483,736367,743664,753988,771788,791011,796351,787772.0,777092.0,762852.0,753988.0,747998.0,782160.0,812633.0,829000.0,820967.0,806300.0,783267.0,736147.0,699480.0,682514.0,697667.0,712333.0
59,394312,59,"Albuquerque, NM",Msa,NM,238784.0,240413.0,245170.0,251687.0,257911.0,261007.0,259345.0,254946.0,249406,247777,247614,249162,249194,252421,257374,263891,267670,270720,272252,273229,273128,273194,273031,271727,273357,279874,288020,292940,299783,312817,327493,335962,336614.0,336803.0,335914.0,336765.0,337478.0,339291.0,346410.0,353077.0,362772.0,367527.0,370827.0,370800.0,371633.0,381000.0,387667.0,392470.0
60,394308,60,"Albany, NY",Msa,NY,235860.0,239484.0,243467.0,245010.0,246625.0,248778.0,252725.0,256098.0,256098,255093,255129,255129,254412,254735,258287,263311,266899,268729,270846,270523,266935,263382,262306,264064,262234,263275,267617,274793,282006,290618,301383,307124,322333.0,322333.0,322333.0,287820.0,322333.0,322333.0,322333.0,322333.0,322333.0,322333.0,322333.0,322333.0,322333.0,322333.0,322333.0,322333.0
61,394938,61,"Omaha, NE",Msa,NE,278116.0,285980.0,294375.0,304524.0,309808.0,309842.0,306454.0,303082.0,300537,294199,287729,285182,288133,296626,310146,322957,329667,326688,322812,317772,311951,302340,294232,291198,293591,302434,311571,318314,322553,326902,331083,331184,326801.0,323832.0,320465.0,320858.0,321161.0,328287.0,336050.0,343333.0,343333.0,334667.0,322833.0,313192.0,308525.0,308525.0,313025.0,330747.0
62,394908,62,"New Haven, CT",Msa,CT,284222.0,290885.0,301036.0,312896.0,321616.0,327197.0,327511.0,322628.0,317361,313558,310070,304873,299989,301698,308638,319103,324335,324372,319105,313905,308499,305010,302919,301349,299605,299605,304803,310035,320849,331000,344953,350115,348720.0,341743.0,335534.0,326813.0,320191.0,317914.0,323233.0,337267.0,348933.0,355600.0,351567.0,344600.0,337967.0,336300.0,336600.0,336567.0
63,394357,63,"Bakersfield, CA",Msa,CA,248233.0,251142.0,256560.0,262571.0,266055.0,267317.0,266838.0,263642.0,258863,254068,250584,248043,246413,245134,247372,253797,260189,263705,264984,264025,262107,257600,255331,253924,255075,256689,261292,263370,264984,265144,268340,276012,284131.0,292122.0,294040.0,289597.0,283841.0,281349.0,287667.0,296000.0,307666.0,314833.0,321500.0,321000.0,321166.0,321853.0,329020.0,337353.0
64,394753,64,"Knoxville, TN",Msa,TN,263117.0,262950.0,266633.0,276633.0,286600.0,291600.0,289933.0,283300.0,277133,272133,268767,268000,266067,267067,270633,279233,289900,296567,301600,301600,301300,296267,289600,283233,279900,283233,289933,298267,307600,319267,332633,341667,340000.0,331633.0,316633.0,306600.0,301608.0,304942.0,314942.0,339933.0,361567.0,371567.0,361267.0,352633.0,349300.0,346267.0,342933.0,341300.0
65,394653,65,"Greenville, SC",Msa,SC,257242.0,258972.0,263424.0,269476.0,273450.0,276330.0,276615.0,276298.0,271501,266748,262280,259777,258224,259349,264736,272658,279328,280247,276761,270551,267227,265928,265880,264482,262929,265860,270377,273545,276556,282497,287377,289302,287210.0,287853.0,286307.0,282914.0,278681.0,277881.0,285233.0,301967.0,316100.0,329967.0,335343.0,342343.0,345643.0,342633.0,335667.0,329033.0
66,394952,66,"Ventura, CA",Msa,CA,779665.0,780998.0,777665.0,785667.0,779319.0,772652.0,756319.0,746333.0,726663,709963,696630,689967,688333,691333,701000,712333,725667,739300,749633,761633,774667,784333,784000,779333,781333,795000,813667,810333,805000,808000,832667,858000,869667.0,873250.0,864750.0,864750.0,322333.0,322333.0,322333.0,322333.0,322333.0,322333.0,322333.0,322333.0,322333.0,322333.0,322333.0,322333.0
67,394318,67,"Allentown, PA",Msa,PA,222433.0,222300.0,225000.0,231833.0,236967.0,239967.0,241967.0,240333.0,236300,231600,228267,226600,223967,225600,230600,238267,244633,248000,251300,251600,250233,246900,244767,242767,241133,243300,253300,261633,268267,269967,277967,284533,288833.0,289133.0,287863.0,288530.0,291896.0,306600.0,319966.0,328300.0,328300.0,324967.0,321633.0,318333.0,320000.0,321633.0,323300.0,323300.0
68,394561,68,"El Paso, TX",Msa,TX,179402.0,179597.0,179774.0,180377.0,180891.0,182663.0,184789.0,187270.0,187979,188174,188192,189432,192267,195262,197902,199834,201801,203396,203396,202651,201960,201978,203413,203410,203410,201992,201995,201623,202527,204299,207826,210360,212114.0,212820.0,322333.0,322333.0,322333.0,228483.0,231817.0,235300.0,241800.0,248130.0,252063.0,252063.0,251383.0,252300.0,254883.0,257567.0
69,394367,69,"Baton Rouge, LA",Msa,LA,230683.0,231600.0,234600.0,239600.0,244600.0,248263.0,248297.0,246497.0,244500,242833,241333,239967,239967,241519,243885,248552,253333,256000,254667,250967,247600,245570,243903,242270,240933,241600,244900,247933,249900,253233,257900,263652,267685.0,271318.0,271933.0,271233.0,269600.0,271267.0,276297.0,285243.0,293606.0,298576.0,299597.0,297597.0,296963.0,296993.0,302963.0,310263.0
70,394521,70,"Dayton, OH",Msa,OH,128267.0,126467.0,130167.0,135133.0,139967.0,144600.0,149633.0,151600.0,149933,146567,144100,142433,142382,143182,148182,153233,161233,167900,176233,179900,178233,172267,168100,165600,164267,166767,177633,189300,200000,204967,205600,202800,199467.0,202815.0,204915.0,204915.0,203267.0,205963.0,207663.0,209297.0,213267.0,219933.0,223300.0,221633.0,216600.0,207267.0,196967.0,186967.0
71,394843,71,"McAllen, TX",Msa,TX,192167.0,190500.0,190466.0,191633.0,193133.0,194833.0,194833.0,195000.0,196000,195000,193333,190633,189967,192633,195833,200833,204167,207335,207335,204669,201500,199833,199833,199967,199633,199300,199000,199000,202333,208000,215000,218667,223000.0,227667.0,231000.0,229667.0,226330.0,226330.0,231297.0,238300.0,244633.0,249667.0,253000.0,256663.0,257997.0,260963.0,260967.0,260967.0
72,394486,72,"Columbia, SC",Msa,SC,201567.0,201600.0,206300.0,214633.0,222933.0,229933.0,231600.0,230900.0,229200,227567,229967,231667,236000,237167,239800,243578,247078,249112,245967,241300,236600,233267,230433,228117,228150,231650,236330,241099,245266,247902,251117,253283,253283.0,249618.0,246781.0,245948.0,247963.0,251042.0,256547.0,263002.0,267461.0,269455.0,273000.0,276267.0,281771.0,285652.0,291993.0,297587.0
73,394648,73,"Greensboro, NC",Msa,NC,195667.0,198667.0,206667.0,218667.0,229633.0,234967.0,241233.0,247900.0,255367,257100,253767,249633,248300,251633,259933,269900,279900,281600,279480,271196,269196,266316,265300,262967,261197,260497,262663,262767,269433,277433,288267,293600,289400.0,281900.0,270600.0,264633.0,263333.0,262633.0,265516.0,268516.0,270216.0,268333.0,269967.0,273300.0,277022.0,275355.0,283355.0,296297.0
74,394304,74,"Akron, OH",Msa,OH,145900.0,144233.0,144933.0,151559.0,159892.0,168192.0,173233.0,172933.0,169600,164600,159900,154900,151567,151600,155633,160633,167300,173267,177633,177600,173467,169100,163300,157433,152433,152267,157267,163933,171433,178133,184500,187667,184333.0,179633.0,169967.0,162633.0,154300.0,153600.0,160167.0,171200.0,178567.0,182633.0,181600.0,181600.0,177300.0,172650.0,165983.0,158617.0
75,753906,75,"North Port-Sarasota-Bradenton, FL",Msa,FL,358883.0,359800.0,360967.0,360967.0,363633.0,365933.0,369267.0,368266.0,364359,360689,357356,356283,356320,357953,362633,367967,374333,378000,379333,377872,374206,372869,374330,376963,376967,375633,375000,371633,368300,368297,374660,379660,381660.0,381963.0,381963.0,384967.0,322333.0,322333.0,322333.0,322333.0,322333.0,322333.0,322333.0,322333.0,322333.0,322333.0,322333.0,322333.0
76,394798,76,"Little Rock, AR",Msa,AR,168055.0,170502.0,172154.0,174571.0,176742.0,178272.0,177997.0,176437.0,174907,175060,175090,175090,174295,174907,177691,181698,188733,193628,197298,197298,195738,194209,191915,191027,190110,190875,194545,198522,203110,204915,206138,204609,204640.0,205377.0,209159.0,211411.0,213821.0,214410.0,219967.0,224933.0,229767.0,231433.0,233133.0,233267.0,231300.0,229600.0,227967.0,226633.0
77,395134,77,"Stockton, CA",Msa,CA,363732.0,365608.0,364050.0,365640.0,366610.0,372969.0,374559.0,373621.0,370441,367071,365163,363573,360568,359296,362158,374893,390474,403193,411142,417088,418996,417335,416445,417876,416357,414795,414922,416512,417788,423861,434672,447391,453115.0,455023.0,452161.0,454225.0,458020.0,471571.0,477500.0,489317.0,492983.0,516317.0,536000.0,552667.0,552967.0,548967.0,548950.0,548983.0
78,394457,78,"Charleston, SC",Msa,SC,363705.0,366435.0,370984.0,377201.0,382053.0,384054.0,383933.0,379384.0,372861,366818,363027,359998,358610,362401,371499,380597,385146,386662,384540,378474,370862,365373,363705,363357,363084,364752,371166,375078,382629,387815,396337,401291,404900.0,408130.0,411132.0,414997.0,419997.0,430000.0,441330.0,456297.0,474297.0,489633.0,491333.0,475393.0,453727.0,445115.0,444688.0,449688.0
79,395143,79,"Syracuse, NY",Msa,NY,133849.0,135048.0,138556.0,144374.0,147561.0,149023.0,150222.0,151421.0,151450,150251,149052,148731,148731,150193,153409,159256,165104,170535,171997,170418,167647,164724,163379,162209,162794,165718,170074,177998,185307,192616,195832,197258,197288.0,198137.0,195718.0,193233.0,188267.0,191600.0,199963.0,213263.0,223263.0,227933.0,225467.0,213800.0,200767.0,191567.0,186567.0,183233.0
80,394484,80,"Colorado Springs, CO",Msa,CO,478758.0,476946.0,472418.0,468795.0,466947.0,454231.0,438291.0,421626.0,412605,408982,407569,407569,414245,423266,437757,445572,454629,460063,470896,472708,472671,467237,469048,467440,465665,462585,468903,477598,486148,488720,492706,492705,487271.0,477055.0,471584.0,471295.0,322333.0,322333.0,322333.0,322333.0,322333.0,322333.0,322333.0,322333.0,322333.0,322333.0,322333.0,322333.0
81,395235,81,"Winston-Salem, NC",Msa,NC,209967.0,211633.0,213333.0,216633.0,218267.0,221600.0,231300.0,242667.0,250967,250933,247600,245633,245633,249267,256233,264933,275267,281933,284933,282967,281333,280197,279430,277730,275867,279933,284963,287297,290597,295933,305233,306649,303818.0,297151.0,290602.0,284710.0,281577.0,280077.0,281767.0,283933.0,286448.0,287296.0,286596.0,284181.0,290429.0,302603.0,314869.0,321273.0
82,395224,82,"Wichita, KS",Msa,KS,176600.0,182917.0,191250.0,201250.0,206567.0,208267.0,206300.0,202967.0,200633,198183,193883,190383,189833,194133,202267,210600,218982,223898,223565,220217,216333,215000,213300,208267,203050,201417,209617,219767,234583,248750,261350,264677,322333.0,322333.0,322333.0,228981.0,228130.0,234763.0,243097.0,247633.0,242030.0,232030.0,223530.0,217500.0,213470.0,214304.0,220637.0,229333.0
83,395115,83,"Springfield, MA",Msa,MA,240890.0,240917.0,245612.0,254940.0,263962.0,268595.0,268595.0,264242.0,257743,251524,246860,242196,239086,237811,242755,252115,265516,274845,278234,277923,276089,273943,267538,262376,259546,263153,271735,283893,296611,308271,317880,324099,323290.0,321124.0,317290.0,310100.0,301800.0,301833.0,316633.0,339633.0,351267.0,352967.0,344933.0,338267.0,331600.0,321300.0,311333.0,305633.0
84,394440,84,"Fort Myers, FL",Msa,FL,248437.0,248464.0,248464.0,249265.0,249238.0,249210.0,248382.0,248134.0,247885,247882,247882,246778,245842,245842,246946,247637,247637,247637,247361,246256,245124,245400,246753,250370,253407,258928,263594,264698,264726,265857,269998,271931,270827.0,270827.0,270965.0,270965.0,322333.0,322333.0,322333.0,322333.0,322333.0,322333.0,322333.0,322333.0,322333.0,322333.0,322333.0,322333.0
85,394399,85,"Boise City, ID",Msa,ID,326267.0,342933.0,348233.0,354600.0,356600.0,361633.0,360267.0,354963.0,351627,348327,344997,341633,341297,345960,355660,369297,381300,388267,388300,384933,380210,374377,370743,368800,372628,379475,388400,393735,397189,403263,413260,421593,426593.0,431567.0,444200.0,454230.0,462593.0,470657.0,485593.0,508927.0,532430.0,553463.0,561100.0,556933.0,547300.0,543000.0,544633.0,554933.0
86,395160,86,"Toledo, OH",Msa,OH,126933.0,125933.0,130383.0,137050.0,144717.0,148267.0,149900.0,147767.0,145467,143133,141933,140900,139900,139933,146633,158299,173299,181633,183300,179133,172467,167333,163133,161433,159867,159867,161533,166567,178267,189933,199933,208233,208266.0,206600.0,193266.0,184900.0,178233.0,183867.0,188067.0,188067.0,184100.0,181567.0,181567.0,176267.0,168717.0,159750.0,153383.0,147600.0
87,394816,87,"Madison, WI",Msa,WI,300590.0,307765.0,317333.0,324167.0,326934.0,327618.0,327618.0,324508.0,319383,312583,309166,309166,314257,324508,336468,343301,346582,346274,344600,341320,336536,334793,333085,333051,334759,340773,349315,356149,360386,363496,363496,360079,351878.0,347285.0,345768.0,351267.0,358733.0,365733.0,369067.0,369933.0,372933.0,374633.0,376300.0,372067.0,368733.0,367033.0,369900.0,376533.0
88,394766,88,"Lakeland, FL",Msa,FL,230099.0,230478.0,232201.0,235646.0,237369.0,237748.0,237918.0,237884.0,236471,234544,232476,232132,232132,232507,232542,233955,237059,239816,241504,240987,240248,238905,238009,237710,237710,239468,241435,242469,242331,242400,244808,247575,250711.0,252661.0,254041.0,255992.0,257984.0,260483.0,265613.0,275647.0,288133.0,299633.0,306267.0,310557.0,314857.0,320557.0,326267.0,330967.0
89,394931,89,"Ogden, UT",Msa,UT,341752.0,350435.0,364384.0,377636.0,384576.0,387784.0,388446.0,385726.0,380740,374811,372370,373416,379380,387749,396851,405569,409056,405918,400303,395421,389144,379031,371847,371146,380248,391407,400129,401489,406057,416519,432212,439326,442778.0,443937.0,450341.0,457833.0,322333.0,322333.0,322333.0,322333.0,322333.0,322333.0,322333.0,322333.0,322333.0,322333.0,322333.0,322333.0
90,394528,90,"Daytona Beach, FL",Msa,FL,269600.0,270600.0,272267.0,275567.0,280433.0,285133.0,288467.0,287600.0,284567,280767,277433,275633,274767,274800,276630,280797,285630,288306,287473,284273,280763,277860,276893,277396,278333,281000,283833,284133,282466,281600,284705,287705,289443.0,289705.0,291338.0,291577.0,293527.0,297227.0,303867.0,314917.0,324884.0,335687.0,341021.0,345721.0,348000.0,352667.0,356000.0,357330.0
91,394531,91,"Des Moines, IA",Msa,IA,281600.0,285950.0,292283.0,297283.0,299600.0,299900.0,299900.0,297567.0,294233,290900,289100,287433,285800,286300,288833,292133,293600,293600,291105,286605,280772,273300,266830,261830,261830,265997,271170,275170,277874,281667,284333,283933,281225.0,277192.0,274058.0,272303.0,273670.0,277928.0,283425.0,291925.0,302167.0,312167.0,319767.0,321433.0,319763.0,317330.0,318997.0,323967.0
92,395006,100,"Provo, UT",Msa,UT,392192.0,399795.0,410495.0,415723.0,411864.0,404812.0,401163.0,400328.0,398574,395206,389374,385901,385585,389627,397326,402554,404968,404286,406075,408356,409724,407584,404110,402742,404321,411338,421415,426325,431588,437265,452563,467649,480631.0,488139.0,497612.0,507471.0,518801.0,523638.0,516633.0,516667.0,524667.0,542750.0,551083.0,554050.0,552600.0,552267.0,551298.0,565157.0
93,394549,104,"Durham, NC",Msa,NC,364530.0,369109.0,377908.0,386163.0,389995.0,387217.0,382333.0,373921.0,369037,366259,365954,365679,365404,370899,380363,389826,395015,394405,391352,384026,375478,366320,361741,361711,368396,379080,392848,398068,400174,401701,410553,420047,424626.0,427453.0,427224.0,426328.0,425356.0,428529.0,439642.0,464642.0,484833.0,497667.0,489333.0,482820.0,477726.0,479359.0,481539.0,479967.0
94,394602,159,"Fort Collins, CO",Msa,CO,433781.0,436624.0,438667.0,440358.0,444364.0,448297.0,446666.0,442911.0,436369,433107,429845,427562,425931,426984,429917,432347,435902,437830,436998,432106,427245,425647,426332,426332,430073,436261,446957,452936,455882,458805,463111,466340,462507.0,456739.0,453554.0,454533.0,322333.0,322333.0,322333.0,322333.0,322333.0,322333.0,322333.0,322333.0,322333.0,322333.0,322333.0,322333.0
